               epoch,      train/box_loss,      train/obj_loss,      train/cls_loss,   metrics/precision,      metrics/recall,     metrics/mAP_0.5,metrics/mAP_0.5:0.95,        val/box_loss,        val/obj_loss,        val/cls_loss,               x/lr0,               x/lr1,               x/lr2
                   0,             0.10283,            0.051008,            0.047746,             0.82175,           0.0029309,          0.00086936,          0.00023527,             0.11436,            0.039352,             0.05407,            0.070092,           0.0033231,           0.0033231
                   1,            0.077086,            0.040308,            0.020773,             0.53613,             0.11105,             0.07336,            0.026332,            0.064112,            0.029252,            0.016498,             0.04007,           0.0066345,           0.0066345
                   2,            0.064527,            0.036439,            0.015389,             0.58936,               0.193,             0.14726,            0.058194,            0.055324,            0.028471,            0.013166,            0.010026,           0.0099238,           0.0099238
                   3,            0.055231,            0.033901,            0.012647,             0.70362,             0.23997,             0.24191,             0.10637,            0.047153,            0.023982,            0.010255,            0.009901,            0.009901,            0.009901
                   4,            0.050456,            0.031717,            0.010827,             0.57253,             0.32444,             0.29671,             0.13158,            0.044833,            0.022845,           0.0087351,            0.009901,            0.009901,            0.009901
                   5,            0.047916,            0.030999,           0.0095702,             0.64709,             0.34107,             0.33876,             0.15287,            0.044254,            0.022268,           0.0081299,            0.009868,            0.009868,            0.009868
                   6,            0.046277,            0.030241,           0.0087523,             0.69222,             0.37756,             0.37929,             0.17313,            0.042413,            0.021649,           0.0074297,            0.009835,            0.009835,            0.009835
                   7,            0.045339,             0.02968,            0.008165,             0.75748,               0.388,             0.42523,             0.19553,             0.04151,            0.021353,           0.0063914,            0.009802,            0.009802,            0.009802
                   8,             0.04422,             0.02941,           0.0075365,             0.75178,             0.40299,             0.42661,             0.19907,            0.041362,            0.021368,           0.0062275,            0.009769,            0.009769,            0.009769
                   9,            0.043541,            0.028899,           0.0071503,             0.79272,             0.42669,             0.46471,             0.22345,            0.039501,            0.020472,           0.0054265,            0.009736,            0.009736,            0.009736
                  10,            0.042905,            0.028944,           0.0069063,             0.79567,             0.43287,               0.475,             0.22975,              0.0394,            0.020384,           0.0054846,            0.009703,            0.009703,            0.009703
                  11,            0.042426,            0.028555,            0.006631,             0.81356,             0.44698,              0.4936,             0.24136,            0.038731,            0.020199,           0.0050489,             0.00967,             0.00967,             0.00967
                  12,            0.041878,            0.028439,           0.0062788,             0.83087,             0.44438,             0.50513,             0.24235,            0.038547,            0.020013,           0.0048992,            0.009637,            0.009637,            0.009637
                  13,            0.041676,            0.028206,           0.0060837,             0.82734,             0.46084,             0.52417,             0.25849,            0.037892,             0.01981,           0.0045092,            0.009604,            0.009604,            0.009604
                  14,            0.041199,            0.028196,           0.0060245,             0.84266,             0.46248,             0.53661,             0.25954,            0.037886,             0.01977,           0.0044154,            0.009571,            0.009571,            0.009571
                  15,             0.04088,            0.027689,           0.0058093,             0.85413,             0.46803,              0.5499,             0.27299,            0.037283,            0.019522,           0.0042916,            0.009538,            0.009538,            0.009538
                  16,            0.040627,            0.027657,           0.0056521,              0.8429,             0.47974,             0.56323,             0.28098,            0.037135,            0.019443,           0.0040645,            0.009505,            0.009505,            0.009505
                  17,            0.040337,            0.027469,           0.0055307,             0.85961,             0.47567,             0.56435,              0.2858,            0.036728,            0.019277,            0.003918,            0.009472,            0.009472,            0.009472
                  18,            0.040095,            0.027267,           0.0054414,             0.86774,             0.48224,             0.57443,             0.28857,              0.0364,            0.019194,           0.0037789,            0.009439,            0.009439,            0.009439
                  19,            0.039904,             0.02723,           0.0053743,             0.86951,             0.48923,             0.59051,             0.30152,            0.036192,            0.019019,           0.0036584,            0.009406,            0.009406,            0.009406
                  20,            0.039563,            0.026942,           0.0051287,             0.78131,             0.54044,             0.59564,             0.30427,            0.035994,            0.018892,           0.0035842,            0.009373,            0.009373,            0.009373
                  21,            0.039456,            0.027036,           0.0050334,             0.81587,             0.54478,             0.61411,              0.3128,             0.03563,            0.018837,           0.0034145,             0.00934,             0.00934,             0.00934
                  22,            0.039222,            0.026813,           0.0049861,             0.80673,             0.54824,             0.62933,             0.32237,            0.035461,            0.018757,            0.003323,            0.009307,            0.009307,            0.009307
                  23,              0.0391,            0.026604,           0.0049341,             0.83485,             0.54646,              0.6283,             0.32424,            0.035146,            0.018604,           0.0032787,            0.009274,            0.009274,            0.009274
                  24,            0.038884,            0.026495,           0.0048502,             0.84739,             0.55865,             0.64107,             0.33381,            0.035005,            0.018539,           0.0031816,            0.009241,            0.009241,            0.009241
                  25,            0.038721,            0.026538,            0.004677,             0.86112,              0.5517,             0.64861,             0.33807,            0.034849,            0.018456,            0.003096,            0.009208,            0.009208,            0.009208
                  26,            0.038543,            0.026452,           0.0047483,             0.84694,              0.5659,             0.65823,              0.3402,            0.034602,            0.018371,           0.0030432,            0.009175,            0.009175,            0.009175
                  27,            0.038441,            0.026326,           0.0046314,             0.86596,              0.5615,             0.66006,             0.34437,             0.03452,            0.018298,           0.0029718,            0.009142,            0.009142,            0.009142
                  28,            0.038258,            0.026455,           0.0045525,             0.86025,             0.57144,             0.66999,                0.35,            0.034308,            0.018222,           0.0029051,            0.009109,            0.009109,            0.009109
                  29,            0.038099,            0.026288,           0.0045557,              0.8776,             0.57449,             0.68203,             0.35854,            0.034131,            0.018149,            0.002821,            0.009076,            0.009076,            0.009076
                  30,            0.037884,            0.026125,           0.0043886,             0.88259,              0.5749,             0.68309,             0.35923,            0.033952,            0.018097,           0.0027711,            0.009043,            0.009043,            0.009043
                  31,            0.037834,            0.026057,           0.0044762,             0.86829,             0.58497,             0.68495,             0.35918,            0.033806,            0.018055,           0.0027168,             0.00901,             0.00901,             0.00901
                  32,            0.037687,            0.026139,           0.0043202,             0.79328,             0.63299,             0.68917,             0.36545,            0.033582,            0.017972,            0.002649,            0.008977,            0.008977,            0.008977
                  33,             0.03766,            0.026113,           0.0043356,             0.81268,             0.63435,             0.69444,             0.36813,            0.033586,            0.017918,           0.0026295,            0.008944,            0.008944,            0.008944
                  34,            0.037437,             0.02606,           0.0042237,             0.81903,             0.63646,             0.69804,              0.3724,            0.033496,            0.017869,           0.0026009,            0.008911,            0.008911,            0.008911
                  35,            0.037343,            0.025655,           0.0042606,              0.8179,             0.63903,             0.70048,              0.3758,            0.033397,            0.017827,           0.0025754,            0.008878,            0.008878,            0.008878
                  36,            0.037113,            0.025822,           0.0041491,             0.84364,             0.63708,             0.70065,             0.37714,            0.033268,            0.017778,           0.0025509,            0.008845,            0.008845,            0.008845
                  37,            0.037082,            0.025562,           0.0041393,              0.8434,             0.64406,             0.70603,              0.3805,            0.033171,            0.017724,           0.0025134,            0.008812,            0.008812,            0.008812
                  38,            0.036957,            0.025565,           0.0040712,             0.86179,             0.63941,             0.70928,             0.37985,            0.033061,              0.0177,            0.002478,            0.008779,            0.008779,            0.008779
                  39,            0.036763,             0.02557,           0.0040599,             0.86476,             0.64173,             0.71081,             0.38295,            0.032981,            0.017669,           0.0024493,            0.008746,            0.008746,            0.008746
                  40,            0.036814,            0.025507,           0.0040724,             0.85737,             0.65071,              0.7162,             0.38438,            0.032897,            0.017626,           0.0024232,            0.008713,            0.008713,            0.008713
                  41,            0.036796,            0.025527,           0.0039944,             0.86447,             0.65359,             0.71817,             0.38427,             0.03281,              0.0176,           0.0023959,             0.00868,             0.00868,             0.00868
                  42,            0.036655,            0.025505,               0.004,             0.86181,             0.65465,             0.71931,             0.38606,            0.032732,            0.017563,           0.0023681,            0.008647,            0.008647,            0.008647
                  43,            0.036574,            0.025324,           0.0039505,             0.86331,             0.65681,             0.72091,              0.3876,            0.032658,            0.017525,           0.0023475,            0.008614,            0.008614,            0.008614
                  44,            0.036361,            0.025349,           0.0039008,             0.86659,             0.65541,             0.72228,              0.3892,            0.032573,            0.017499,           0.0023277,            0.008581,            0.008581,            0.008581
                  45,            0.036402,            0.025277,           0.0039236,             0.85859,             0.66137,             0.72394,              0.3899,            0.032489,            0.017469,            0.002313,            0.008548,            0.008548,            0.008548
                  46,            0.036211,            0.025223,           0.0038824,             0.86498,             0.65951,             0.72606,             0.39242,             0.03242,            0.017442,           0.0022995,            0.008515,            0.008515,            0.008515
                  47,            0.036155,            0.024998,           0.0038632,             0.86549,             0.66121,             0.72874,             0.39404,            0.032359,            0.017415,           0.0022884,            0.008482,            0.008482,            0.008482
                  48,            0.035976,            0.024952,           0.0037688,             0.86802,             0.66219,             0.72987,             0.39609,            0.032301,            0.017392,           0.0022733,            0.008449,            0.008449,            0.008449
                  49,            0.036043,            0.025018,           0.0037818,             0.86771,             0.66091,             0.73083,             0.39642,            0.032256,            0.017375,           0.0022637,            0.008416,            0.008416,            0.008416
                  50,             0.03591,            0.024887,            0.003733,              0.8649,             0.66379,              0.7313,             0.39771,            0.032214,            0.017354,           0.0022536,            0.008383,            0.008383,            0.008383
                  51,            0.035731,            0.025084,           0.0036953,             0.86816,             0.66504,             0.73244,             0.39846,            0.032168,            0.017334,           0.0022414,             0.00835,             0.00835,             0.00835
                  52,            0.035894,            0.025004,           0.0037947,             0.87375,              0.6646,             0.73385,              0.4001,            0.032125,            0.017315,           0.0022304,            0.008317,            0.008317,            0.008317
                  53,            0.035502,            0.024877,           0.0036952,             0.87696,             0.66293,             0.73401,             0.40037,            0.032076,            0.017297,           0.0022174,            0.008284,            0.008284,            0.008284
                  54,            0.035662,             0.02481,           0.0036931,             0.87699,             0.66322,             0.73335,             0.40118,             0.03203,            0.017277,           0.0022068,            0.008251,            0.008251,            0.008251
                  55,            0.035502,            0.024773,           0.0036999,             0.87915,             0.66189,             0.73368,             0.40201,            0.031986,            0.017261,           0.0021975,            0.008218,            0.008218,            0.008218
                  56,            0.035539,            0.024564,           0.0036497,              0.8776,             0.66235,             0.73407,             0.40288,            0.031944,            0.017243,           0.0021897,            0.008185,            0.008185,            0.008185
                  57,            0.035503,            0.024695,           0.0036294,             0.87649,             0.66465,             0.73487,             0.40401,            0.031911,             0.01723,           0.0021808,            0.008152,            0.008152,            0.008152
                  58,            0.035525,            0.024814,           0.0036169,             0.86836,             0.66937,             0.73564,             0.40483,            0.031879,            0.017213,           0.0021734,            0.008119,            0.008119,            0.008119
                  59,            0.035383,            0.024546,           0.0035585,             0.86926,             0.67104,             0.73716,             0.40545,            0.031846,            0.017196,           0.0021671,            0.008086,            0.008086,            0.008086
                  60,            0.035187,            0.024477,           0.0035664,             0.86709,               0.674,             0.73773,             0.40645,            0.031813,            0.017183,            0.002161,            0.008053,            0.008053,            0.008053
                  61,            0.035005,            0.024693,            0.003481,             0.86838,             0.67338,             0.73733,             0.40657,            0.031782,             0.01717,           0.0021556,             0.00802,             0.00802,             0.00802
                  62,            0.035095,            0.024339,           0.0035105,             0.86656,             0.67485,             0.73752,             0.40727,            0.031752,            0.017158,           0.0021502,            0.007987,            0.007987,            0.007987
                  63,            0.035079,            0.024327,           0.0035375,             0.86711,              0.6755,             0.73805,             0.40739,            0.031725,            0.017146,           0.0021459,            0.007954,            0.007954,            0.007954
                  64,            0.034952,             0.02428,            0.003585,             0.86635,             0.67748,             0.73784,               0.408,            0.031697,            0.017132,           0.0021412,            0.007921,            0.007921,            0.007921
                  65,            0.034841,            0.024368,           0.0034386,             0.86471,             0.67754,             0.73843,             0.40852,             0.03167,            0.017119,           0.0021364,            0.007888,            0.007888,            0.007888
                  66,            0.034961,            0.024428,           0.0034973,             0.86715,             0.67775,              0.7392,             0.40884,            0.031641,            0.017104,           0.0021312,            0.007855,            0.007855,            0.007855
                  67,            0.034645,            0.024225,           0.0034334,             0.86727,             0.67712,             0.73964,             0.40935,            0.031615,            0.017092,           0.0021265,            0.007822,            0.007822,            0.007822
                  68,            0.034741,            0.024311,            0.003419,             0.86717,             0.68034,             0.73967,             0.40952,            0.031585,            0.017079,           0.0021217,            0.007789,            0.007789,            0.007789
                  69,            0.034475,             0.02417,           0.0034041,              0.8691,             0.67993,             0.74076,             0.40998,            0.031553,            0.017065,           0.0021166,            0.007756,            0.007756,            0.007756
                  70,            0.034678,            0.024395,           0.0034533,             0.87028,             0.67958,             0.74163,             0.41074,            0.031525,            0.017052,           0.0021118,            0.007723,            0.007723,            0.007723
                  71,            0.034437,            0.024074,           0.0033898,             0.87208,             0.68016,             0.74163,             0.41204,            0.031496,            0.017037,           0.0021063,             0.00769,             0.00769,             0.00769
                  72,            0.034512,            0.024237,            0.003415,             0.87383,             0.67995,             0.74299,             0.41261,            0.031466,            0.017023,           0.0021013,            0.007657,            0.007657,            0.007657
                  73,            0.034397,            0.023989,           0.0033895,             0.87649,             0.68065,             0.74401,             0.41368,            0.031436,            0.017007,           0.0020963,            0.007624,            0.007624,            0.007624
                  74,            0.034295,            0.024104,           0.0033329,             0.87776,             0.68334,             0.74474,             0.41421,            0.031406,            0.016989,            0.002091,            0.007591,            0.007591,            0.007591
                  75,            0.034394,            0.024049,             0.00335,              0.8726,             0.68697,              0.7454,             0.41482,            0.031378,            0.016974,           0.0020854,            0.007558,            0.007558,            0.007558
                  76,            0.034218,            0.024208,           0.0033776,             0.87448,             0.68796,             0.74544,             0.41566,            0.031347,            0.016956,           0.0020793,            0.007525,            0.007525,            0.007525
                  77,            0.034102,            0.023929,           0.0032834,             0.87406,             0.68998,             0.74593,             0.41668,            0.031318,            0.016942,           0.0020734,            0.007492,            0.007492,            0.007492
                  78,             0.03416,            0.024017,           0.0033872,             0.87272,             0.69295,             0.74659,             0.41706,            0.031286,            0.016926,           0.0020669,            0.007459,            0.007459,            0.007459
                  79,            0.034109,            0.023801,           0.0033664,             0.87417,             0.69334,             0.74699,             0.41774,            0.031257,            0.016912,           0.0020605,            0.007426,            0.007426,            0.007426
                  80,            0.034079,            0.023931,           0.0033578,             0.87529,             0.69353,             0.74741,             0.41824,            0.031231,            0.016898,           0.0020546,            0.007393,            0.007393,            0.007393
                  81,            0.033928,            0.023777,           0.0033471,             0.87297,             0.69638,             0.74853,             0.41875,            0.031202,            0.016883,            0.002049,             0.00736,             0.00736,             0.00736
                  82,            0.033807,            0.023686,           0.0031839,             0.87411,             0.69545,             0.74856,             0.41879,            0.031173,            0.016868,           0.0020428,            0.007327,            0.007327,            0.007327
                  83,            0.033871,            0.023545,           0.0032798,             0.87112,              0.7009,             0.74862,              0.4191,            0.031145,            0.016854,           0.0020366,            0.007294,            0.007294,            0.007294
                  84,            0.033761,            0.023718,            0.003242,             0.87354,             0.69961,             0.74965,             0.41933,            0.031116,            0.016841,           0.0020301,            0.007261,            0.007261,            0.007261
                  85,            0.033835,            0.023496,           0.0032888,             0.87596,             0.69833,             0.74949,             0.41941,            0.031087,            0.016827,           0.0020243,            0.007228,            0.007228,            0.007228
                  86,            0.033678,            0.023378,           0.0031956,              0.8759,             0.69764,             0.75048,             0.42049,            0.031058,            0.016811,           0.0020184,            0.007195,            0.007195,            0.007195
                  87,            0.033653,            0.023464,           0.0032568,             0.87814,             0.69705,             0.75127,             0.42107,            0.031028,            0.016795,           0.0020132,            0.007162,            0.007162,            0.007162
                  88,            0.033764,            0.023607,           0.0032059,             0.87895,             0.69688,             0.75181,             0.42163,            0.030999,             0.01678,           0.0020084,            0.007129,            0.007129,            0.007129
                  89,            0.033593,            0.023722,           0.0032004,             0.88091,             0.69548,             0.75227,             0.42202,            0.030966,            0.016763,           0.0020037,            0.007096,            0.007096,            0.007096
                  90,            0.033558,            0.023504,           0.0031987,             0.88115,             0.69513,             0.75263,             0.42306,            0.030936,            0.016747,           0.0019992,            0.007063,            0.007063,            0.007063
                  91,            0.033491,            0.023583,           0.0031522,             0.88207,             0.69627,             0.75284,             0.42388,            0.030908,            0.016732,           0.0019956,             0.00703,             0.00703,             0.00703
                  92,            0.033548,            0.023381,           0.0031837,             0.88043,             0.69649,             0.75342,             0.42424,             0.03088,            0.016718,           0.0019913,            0.006997,            0.006997,            0.006997
                  93,            0.033481,            0.023493,            0.003164,             0.88009,              0.6973,             0.75403,             0.42461,            0.030853,            0.016702,           0.0019866,            0.006964,            0.006964,            0.006964
                  94,            0.033247,            0.023311,           0.0031632,             0.88049,             0.69884,             0.75469,             0.42542,            0.030826,            0.016687,           0.0019815,            0.006931,            0.006931,            0.006931
                  95,            0.033323,            0.023525,           0.0031844,             0.88176,             0.69901,             0.75513,               0.426,            0.030796,             0.01667,           0.0019768,            0.006898,            0.006898,            0.006898
                  96,            0.033108,            0.023245,           0.0031767,             0.88348,             0.69693,             0.75493,             0.42674,            0.030766,            0.016654,            0.001972,            0.006865,            0.006865,            0.006865
                  97,            0.033184,            0.023326,           0.0031475,             0.88593,              0.6965,             0.75562,             0.42746,            0.030737,            0.016634,           0.0019678,            0.006832,            0.006832,            0.006832
                  98,            0.033084,            0.023226,           0.0030876,             0.88572,             0.69623,             0.75633,             0.42862,            0.030708,            0.016618,            0.001963,            0.006799,            0.006799,            0.006799
                  99,            0.032972,             0.02319,           0.0031481,             0.88645,             0.69647,             0.75708,             0.42965,            0.030679,            0.016602,            0.001958,            0.006766,            0.006766,            0.006766
                 100,            0.033011,            0.023214,           0.0030934,             0.88891,             0.69639,               0.758,             0.43039,            0.030651,            0.016584,           0.0019532,            0.006733,            0.006733,            0.006733
                 101,            0.032878,            0.023137,            0.003137,             0.88776,             0.69712,             0.75897,             0.43082,            0.030622,            0.016567,           0.0019491,              0.0067,              0.0067,              0.0067
                 102,            0.032984,            0.023286,           0.0030787,             0.88916,             0.69702,             0.75964,             0.43136,            0.030595,            0.016549,           0.0019447,            0.006667,            0.006667,            0.006667
                 103,            0.032894,            0.023136,           0.0031175,             0.88843,             0.69747,             0.75988,             0.43198,            0.030567,            0.016534,           0.0019399,            0.006634,            0.006634,            0.006634
                 104,            0.032818,            0.023098,           0.0030698,             0.88959,             0.69735,              0.7607,             0.43337,             0.03054,            0.016518,            0.001935,            0.006601,            0.006601,            0.006601
                 105,            0.032651,            0.022954,           0.0030057,             0.88818,             0.69893,             0.76166,             0.43408,            0.030512,            0.016504,           0.0019305,            0.006568,            0.006568,            0.006568
                 106,             0.03272,             0.02296,           0.0030266,             0.88781,             0.69926,             0.76191,             0.43447,            0.030485,             0.01649,           0.0019266,            0.006535,            0.006535,            0.006535
                 107,            0.032743,            0.023081,           0.0030348,             0.88607,             0.70066,             0.76232,             0.43551,            0.030458,            0.016473,            0.001923,            0.006502,            0.006502,            0.006502
                 108,            0.032634,            0.022883,           0.0030202,             0.88542,             0.70212,              0.7625,             0.43639,            0.030427,            0.016456,            0.001919,            0.006469,            0.006469,            0.006469
                 109,            0.032607,            0.022984,           0.0030231,             0.88477,             0.70382,              0.7629,             0.43714,            0.030399,             0.01644,           0.0019151,            0.006436,            0.006436,            0.006436
                 110,            0.032556,            0.022912,           0.0030447,             0.88413,             0.70507,             0.76326,             0.43808,             0.03037,            0.016423,           0.0019122,            0.006403,            0.006403,            0.006403
                 111,            0.032509,            0.022779,           0.0030064,              0.8843,              0.7056,             0.76397,             0.43912,            0.030341,            0.016406,           0.0019085,             0.00637,             0.00637,             0.00637
                 112,            0.032478,            0.022821,           0.0029444,             0.88464,             0.70688,             0.76368,             0.43953,            0.030312,             0.01639,           0.0019051,            0.006337,            0.006337,            0.006337
                 113,            0.032525,             0.02279,           0.0030374,             0.88432,              0.7063,             0.76371,             0.44003,            0.030282,            0.016374,            0.001901,            0.006304,            0.006304,            0.006304
                 114,            0.032436,             0.02288,           0.0030094,             0.88173,             0.70732,             0.76338,             0.44117,            0.030253,            0.016358,           0.0018976,            0.006271,            0.006271,            0.006271
                 115,            0.032448,             0.02282,           0.0030317,             0.87998,             0.70983,             0.76385,             0.44164,            0.030225,            0.016343,           0.0018935,            0.006238,            0.006238,            0.006238
                 116,            0.032434,            0.022708,           0.0029475,             0.87929,             0.71063,              0.7641,             0.44141,            0.030197,            0.016326,           0.0018893,            0.006205,            0.006205,            0.006205
                 117,            0.032197,            0.022669,           0.0029136,             0.87981,             0.71042,             0.76417,             0.44242,            0.030166,            0.016309,           0.0018847,            0.006172,            0.006172,            0.006172
                 118,             0.03226,            0.022688,           0.0029288,             0.87884,             0.71315,             0.76454,             0.44342,            0.030136,            0.016292,           0.0018804,            0.006139,            0.006139,            0.006139
                 119,            0.032137,            0.022612,           0.0029802,             0.87976,             0.71216,             0.76489,             0.44396,            0.030105,            0.016277,           0.0018759,            0.006106,            0.006106,            0.006106
                 120,            0.032092,            0.022731,           0.0029629,             0.87968,             0.71394,             0.76537,             0.44456,            0.030075,             0.01626,           0.0018723,            0.006073,            0.006073,            0.006073
                 121,            0.032054,             0.02253,           0.0029022,              0.8815,             0.71529,             0.76622,             0.44549,            0.030045,            0.016242,           0.0018686,             0.00604,             0.00604,             0.00604
                 122,            0.032136,            0.022464,           0.0029343,             0.88084,             0.71614,             0.76693,             0.44604,            0.030016,            0.016224,           0.0018651,            0.006007,            0.006007,            0.006007
                 123,            0.032042,            0.022517,            0.002929,              0.8817,             0.71669,             0.76754,             0.44655,            0.029986,            0.016207,           0.0018612,            0.005974,            0.005974,            0.005974
                 124,            0.031937,            0.022445,           0.0028875,             0.88224,             0.71838,             0.76798,             0.44695,            0.029954,             0.01619,           0.0018574,            0.005941,            0.005941,            0.005941
                 125,            0.031992,            0.022393,           0.0028648,             0.88181,             0.71867,             0.76726,              0.4476,            0.029925,            0.016174,           0.0018536,            0.005908,            0.005908,            0.005908
                 126,            0.031757,            0.022462,           0.0028591,             0.88265,             0.71909,             0.76662,             0.44787,            0.029896,            0.016158,           0.0018502,            0.005875,            0.005875,            0.005875
                 127,            0.031809,            0.022341,           0.0028573,             0.88321,              0.7192,             0.76718,             0.44813,            0.029869,            0.016142,           0.0018469,            0.005842,            0.005842,            0.005842
                 128,            0.031722,            0.022308,           0.0028144,             0.88514,             0.72037,             0.76833,             0.44866,             0.02984,            0.016127,           0.0018438,            0.005809,            0.005809,            0.005809
                 129,            0.031666,            0.022411,           0.0028354,             0.88569,             0.71959,             0.76839,             0.44965,            0.029811,             0.01611,           0.0018404,            0.005776,            0.005776,            0.005776
                 130,            0.031818,            0.022382,           0.0028673,             0.88586,             0.71852,              0.7685,                0.45,            0.029782,            0.016094,           0.0018375,            0.005743,            0.005743,            0.005743
                 131,            0.031638,             0.02226,           0.0027958,              0.8871,             0.71879,             0.76888,             0.45031,            0.029755,            0.016078,           0.0018347,             0.00571,             0.00571,             0.00571
                 132,            0.031692,            0.022475,           0.0028209,             0.88836,              0.7183,              0.7692,             0.45022,            0.029729,            0.016061,           0.0018316,            0.005677,            0.005677,            0.005677
                 133,              0.0316,            0.022197,           0.0028561,             0.89045,             0.71843,              0.7696,             0.45066,            0.029702,            0.016045,           0.0018286,            0.005644,            0.005644,            0.005644
                 134,            0.031606,            0.022272,           0.0028755,             0.89091,             0.71953,                0.77,             0.45134,            0.029673,             0.01603,           0.0018257,            0.005611,            0.005611,            0.005611
                 135,            0.031459,            0.022364,           0.0028288,              0.8919,             0.72051,             0.77033,             0.45161,            0.029644,            0.016015,           0.0018226,            0.005578,            0.005578,            0.005578
                 136,             0.03144,            0.022313,           0.0028351,             0.89275,             0.72091,              0.7712,             0.45206,            0.029617,            0.015999,           0.0018197,            0.005545,            0.005545,            0.005545
                 137,            0.031536,            0.022262,           0.0028064,             0.89361,             0.72112,             0.77169,               0.453,            0.029587,            0.015983,           0.0018163,            0.005512,            0.005512,            0.005512
                 138,            0.031346,            0.022179,           0.0027942,             0.89213,             0.72172,             0.77162,             0.45358,            0.029558,            0.015967,           0.0018137,            0.005479,            0.005479,            0.005479
                 139,            0.031378,            0.022254,           0.0028259,             0.89321,             0.72141,             0.77207,             0.45354,            0.029531,            0.015951,           0.0018104,            0.005446,            0.005446,            0.005446
                 140,            0.031173,            0.022093,           0.0027505,             0.89438,             0.72049,             0.77238,             0.45415,            0.029503,            0.015935,           0.0018076,            0.005413,            0.005413,            0.005413
                 141,            0.031254,            0.022059,           0.0027961,              0.8935,             0.72064,             0.77209,             0.45475,            0.029474,            0.015918,           0.0018046,             0.00538,             0.00538,             0.00538
                 142,            0.031258,            0.021958,           0.0027552,             0.89173,             0.72133,             0.77254,             0.45563,            0.029445,            0.015902,           0.0018017,            0.005347,            0.005347,            0.005347
                 143,            0.031261,             0.02195,           0.0027641,             0.89115,             0.72086,             0.77219,             0.45616,            0.029415,            0.015888,           0.0017988,            0.005314,            0.005314,            0.005314
                 144,            0.031114,            0.022051,           0.0027992,             0.89223,             0.72127,             0.77209,             0.45632,            0.029389,            0.015874,           0.0017957,            0.005281,            0.005281,            0.005281
                 145,            0.031142,            0.021985,           0.0027182,             0.89422,              0.7197,             0.77218,              0.4567,            0.029363,             0.01586,           0.0017931,            0.005248,            0.005248,            0.005248
                 146,            0.031159,            0.022031,           0.0027213,             0.89471,             0.71944,             0.77275,             0.45718,            0.029338,            0.015845,           0.0017908,            0.005215,            0.005215,            0.005215
                 147,             0.03091,            0.021737,           0.0027218,              0.8934,             0.72056,              0.7735,              0.4577,            0.029311,            0.015832,           0.0017881,            0.005182,            0.005182,            0.005182
                 148,            0.030955,            0.021844,           0.0027823,             0.89571,             0.71966,             0.77413,             0.45809,            0.029281,            0.015816,           0.0017853,            0.005149,            0.005149,            0.005149
                 149,            0.031043,            0.021739,           0.0027357,             0.89517,             0.72046,             0.77472,             0.45918,            0.029256,            0.015804,           0.0017828,            0.005116,            0.005116,            0.005116
                 150,            0.031013,            0.021868,            0.002722,             0.89639,             0.71897,             0.77447,             0.45968,            0.029231,             0.01579,           0.0017807,            0.005083,            0.005083,            0.005083
                 151,             0.03075,            0.021817,           0.0027066,             0.89687,             0.71847,             0.77463,             0.46046,            0.029204,            0.015777,           0.0017779,             0.00505,             0.00505,             0.00505
                 152,            0.030796,            0.021787,           0.0026892,             0.89717,             0.71908,             0.77473,             0.46068,            0.029178,            0.015765,           0.0017756,            0.005017,            0.005017,            0.005017
                 153,            0.030769,            0.021726,           0.0027183,             0.89726,             0.71825,              0.7747,             0.46123,            0.029155,            0.015751,           0.0017733,            0.004984,            0.004984,            0.004984
                 154,            0.030812,            0.021886,           0.0027555,             0.89681,             0.72064,             0.77503,             0.46124,            0.029129,            0.015738,           0.0017708,            0.004951,            0.004951,            0.004951
                 155,            0.030827,            0.021771,           0.0027198,              0.8968,             0.72194,             0.77552,             0.46202,            0.029104,            0.015724,           0.0017681,            0.004918,            0.004918,            0.004918
                 156,            0.030692,            0.021784,            0.002678,             0.89479,             0.72385,             0.77603,             0.46214,            0.029077,             0.01571,            0.001766,            0.004885,            0.004885,            0.004885
                 157,            0.030555,            0.021723,            0.002691,             0.89519,             0.72388,             0.77624,             0.46248,            0.029052,            0.015696,           0.0017639,            0.004852,            0.004852,            0.004852
                 158,            0.030647,            0.021598,           0.0026718,             0.89896,             0.72238,             0.77636,             0.46247,            0.029027,            0.015682,            0.001762,            0.004819,            0.004819,            0.004819
                 159,            0.030614,            0.021663,           0.0027459,             0.89953,             0.72141,             0.77644,             0.46272,               0.029,            0.015668,           0.0017591,            0.004786,            0.004786,            0.004786
                 160,            0.030524,            0.021457,           0.0026852,             0.89871,             0.72288,             0.77705,             0.46357,            0.028977,            0.015656,           0.0017569,            0.004753,            0.004753,            0.004753
                 161,            0.030466,            0.021474,           0.0026343,             0.89833,             0.72155,             0.77734,             0.46376,            0.028953,            0.015643,           0.0017545,             0.00472,             0.00472,             0.00472
                 162,            0.030397,            0.021497,           0.0026901,             0.89557,               0.725,             0.77805,             0.46428,            0.028927,             0.01563,           0.0017526,            0.004687,            0.004687,            0.004687
                 163,             0.03039,            0.021607,           0.0026252,             0.89725,             0.72377,             0.77848,             0.46439,            0.028902,            0.015617,           0.0017501,            0.004654,            0.004654,            0.004654
                 164,            0.030555,            0.021576,           0.0026627,             0.89856,             0.72219,             0.77884,             0.46512,            0.028879,            0.015604,           0.0017475,            0.004621,            0.004621,            0.004621
                 165,            0.030273,            0.021481,           0.0025962,             0.89897,             0.72227,             0.77868,              0.4654,            0.028853,             0.01559,           0.0017448,            0.004588,            0.004588,            0.004588
                 166,            0.030256,            0.021369,           0.0026626,             0.89653,             0.72489,             0.77855,             0.46587,            0.028827,            0.015577,           0.0017421,            0.004555,            0.004555,            0.004555
                 167,            0.030241,            0.021376,            0.002639,             0.89587,             0.72617,             0.77848,             0.46607,            0.028804,            0.015564,           0.0017395,            0.004522,            0.004522,            0.004522
                 168,            0.030226,            0.021219,           0.0026603,             0.89784,             0.72552,             0.77883,             0.46647,             0.02878,            0.015551,           0.0017375,            0.004489,            0.004489,            0.004489
                 169,            0.030195,            0.021258,           0.0026098,             0.89966,             0.72534,             0.77884,             0.46703,            0.028755,            0.015539,           0.0017351,            0.004456,            0.004456,            0.004456
                 170,            0.030183,             0.02128,           0.0025532,             0.89991,             0.72428,             0.77893,             0.46811,            0.028731,            0.015526,           0.0017332,            0.004423,            0.004423,            0.004423
                 171,            0.030186,            0.021113,            0.002548,             0.90084,             0.72482,             0.77928,             0.46857,            0.028705,            0.015514,           0.0017312,             0.00439,             0.00439,             0.00439
                 172,            0.030039,            0.021199,           0.0026027,             0.90068,             0.72542,               0.779,               0.469,             0.02868,            0.015502,           0.0017292,            0.004357,            0.004357,            0.004357
                 173,            0.029988,            0.021177,           0.0025569,             0.90097,             0.72562,             0.77979,             0.46925,            0.028657,            0.015489,           0.0017267,            0.004324,            0.004324,            0.004324
                 174,             0.02993,            0.021069,           0.0025854,             0.90132,             0.72541,             0.77983,             0.46963,            0.028634,            0.015474,           0.0017247,            0.004291,            0.004291,            0.004291
                 175,            0.029909,            0.021128,            0.002535,             0.90103,             0.72662,             0.77883,             0.46964,            0.028609,            0.015464,           0.0017227,            0.004258,            0.004258,            0.004258
                 176,             0.02994,            0.021291,           0.0025922,             0.90096,             0.72697,             0.77871,              0.4704,            0.028585,            0.015449,           0.0017205,            0.004225,            0.004225,            0.004225
                 177,            0.029897,            0.021066,           0.0026192,             0.90224,             0.72641,             0.77843,             0.47089,            0.028561,            0.015437,           0.0017182,            0.004192,            0.004192,            0.004192
                 178,            0.029936,            0.021256,           0.0025783,              0.9021,             0.72665,             0.77909,             0.47091,            0.028537,            0.015424,           0.0017155,            0.004159,            0.004159,            0.004159
                 179,            0.029794,            0.021045,           0.0026054,             0.90285,             0.72691,             0.77977,             0.47162,            0.028517,            0.015413,           0.0017126,            0.004126,            0.004126,            0.004126
                 180,            0.029723,            0.021028,           0.0025435,             0.90164,             0.72731,             0.77975,             0.47208,            0.028496,            0.015401,           0.0017099,            0.004093,            0.004093,            0.004093
                 181,            0.029697,            0.020945,           0.0026097,             0.90231,             0.72777,             0.77971,             0.47243,            0.028474,            0.015388,           0.0017078,             0.00406,             0.00406,             0.00406
                 182,            0.029728,             0.02096,           0.0024928,             0.90331,             0.72784,             0.78039,             0.47282,            0.028455,            0.015378,           0.0017058,            0.004027,            0.004027,            0.004027
                 183,            0.029603,            0.020975,           0.0024997,             0.90404,             0.72612,             0.77896,             0.47292,            0.028431,            0.015366,           0.0017031,            0.003994,            0.003994,            0.003994
                 184,            0.029537,            0.020927,           0.0025901,               0.904,             0.72731,             0.77959,              0.4735,             0.02841,            0.015354,            0.001701,            0.003961,            0.003961,            0.003961
                 185,            0.029703,            0.020967,           0.0025731,             0.90311,             0.72788,             0.77954,             0.47384,            0.028388,            0.015343,           0.0016992,            0.003928,            0.003928,            0.003928
                 186,            0.029465,            0.020928,           0.0025219,              0.9037,             0.72781,             0.77971,             0.47399,            0.028367,            0.015334,           0.0016974,            0.003895,            0.003895,            0.003895
                 187,            0.029501,            0.020849,           0.0025475,             0.90354,              0.7276,             0.77974,             0.47402,            0.028345,            0.015323,           0.0016951,            0.003862,            0.003862,            0.003862
                 188,            0.029371,            0.020823,           0.0025669,               0.902,             0.72894,             0.77969,             0.47417,            0.028322,            0.015312,            0.001693,            0.003829,            0.003829,            0.003829
                 189,            0.029325,            0.020963,           0.0025332,               0.902,             0.72904,             0.77984,             0.47439,            0.028301,              0.0153,           0.0016906,            0.003796,            0.003796,            0.003796
                 190,            0.029324,             0.02075,           0.0024428,             0.90276,             0.73046,             0.78177,              0.4749,            0.028279,            0.015288,           0.0016883,            0.003763,            0.003763,            0.003763
                 191,            0.029405,            0.020744,           0.0025089,             0.90366,             0.73002,             0.78161,             0.47585,            0.028254,            0.015276,           0.0016865,             0.00373,             0.00373,             0.00373
                 192,            0.029342,            0.020793,              0.0025,             0.90323,             0.73051,             0.78189,             0.47661,            0.028232,            0.015264,           0.0016846,            0.003697,            0.003697,            0.003697
                 193,            0.029375,             0.02058,           0.0024904,             0.90381,             0.73038,              0.7822,             0.47654,            0.028211,            0.015252,           0.0016826,            0.003664,            0.003664,            0.003664
                 194,            0.029201,             0.02064,           0.0024386,             0.90248,             0.73271,             0.78248,               0.477,            0.028189,            0.015237,           0.0016805,            0.003631,            0.003631,            0.003631
                 195,            0.029217,            0.020509,           0.0024583,             0.90427,             0.73236,             0.78283,             0.47754,            0.028166,            0.015225,           0.0016784,            0.003598,            0.003598,            0.003598
                 196,              0.0291,            0.020755,           0.0024262,             0.90491,             0.73168,             0.78274,              0.4777,            0.028145,            0.015212,           0.0016766,            0.003565,            0.003565,            0.003565
                 197,            0.029077,            0.020482,           0.0024787,              0.9045,              0.7327,             0.78301,             0.47778,            0.028124,              0.0152,            0.001675,            0.003532,            0.003532,            0.003532
                 198,            0.029049,            0.020554,           0.0025145,             0.90518,             0.73257,             0.78286,             0.47806,            0.028102,            0.015188,           0.0016732,            0.003499,            0.003499,            0.003499
                 199,              0.0288,            0.020458,           0.0024495,             0.90532,             0.73251,             0.78307,             0.47855,            0.028079,            0.015177,           0.0016714,            0.003466,            0.003466,            0.003466
                 200,            0.028948,            0.020471,           0.0024541,             0.90686,             0.73216,             0.78321,             0.47856,            0.028055,            0.015165,           0.0016697,            0.003433,            0.003433,            0.003433
                 201,            0.028935,            0.020575,           0.0024723,              0.9082,              0.7322,             0.78346,             0.47908,            0.028034,            0.015153,            0.001668,              0.0034,              0.0034,              0.0034
                 202,             0.02872,            0.020227,           0.0024562,             0.91087,             0.73217,             0.78379,              0.4799,            0.028012,            0.015142,           0.0016662,            0.003367,            0.003367,            0.003367
                 203,            0.028894,            0.020364,           0.0024761,             0.91041,             0.73159,             0.78386,             0.47985,            0.027989,             0.01513,           0.0016645,            0.003334,            0.003334,            0.003334
                 204,            0.028722,            0.020347,           0.0023887,             0.90934,             0.73286,             0.78402,             0.48067,            0.027968,            0.015117,           0.0016632,            0.003301,            0.003301,            0.003301
                 205,            0.028736,            0.020311,           0.0024139,             0.90921,             0.73302,             0.78394,             0.48066,            0.027947,            0.015106,           0.0016616,            0.003268,            0.003268,            0.003268
                 206,            0.028647,            0.020487,            0.002384,             0.90909,              0.7336,             0.78434,             0.48097,            0.027929,            0.015095,           0.0016601,            0.003235,            0.003235,            0.003235
                 207,            0.028504,            0.020207,           0.0023994,             0.90961,             0.73394,             0.78442,             0.48136,            0.027907,            0.015082,           0.0016585,            0.003202,            0.003202,            0.003202
                 208,            0.028639,            0.020385,           0.0023833,             0.91005,             0.73362,             0.78429,             0.48169,            0.027888,             0.01507,           0.0016568,            0.003169,            0.003169,            0.003169
                 209,            0.028591,            0.020241,           0.0023653,             0.91031,             0.73371,             0.78421,             0.48183,            0.027867,            0.015058,            0.001655,            0.003136,            0.003136,            0.003136
                 210,             0.02856,            0.020336,           0.0024491,             0.91056,             0.73262,             0.78443,             0.48185,            0.027847,            0.015047,           0.0016535,            0.003103,            0.003103,            0.003103
                 211,            0.028545,            0.020406,           0.0024326,             0.91084,             0.73342,             0.78529,             0.48214,            0.027828,            0.015037,           0.0016523,             0.00307,             0.00307,             0.00307
                 212,            0.028467,            0.020128,           0.0023914,             0.91137,             0.73364,             0.78539,             0.48243,            0.027809,            0.015026,           0.0016505,            0.003037,            0.003037,            0.003037
                 213,            0.028352,            0.020037,           0.0023552,             0.91265,             0.73297,             0.78539,             0.48285,             0.02779,            0.015013,           0.0016489,            0.003004,            0.003004,            0.003004
                 214,            0.028304,            0.020145,            0.002344,             0.91403,             0.73467,             0.78575,             0.48288,            0.027771,            0.015002,           0.0016472,            0.002971,            0.002971,            0.002971
                 215,            0.028278,            0.019879,           0.0023706,              0.9142,             0.73426,             0.78631,              0.4833,            0.027749,            0.014991,           0.0016458,            0.002938,            0.002938,            0.002938
                 216,            0.028139,            0.020067,           0.0023536,             0.91385,             0.73504,             0.78622,             0.48351,            0.027729,             0.01498,           0.0016443,            0.002905,            0.002905,            0.002905
                 217,            0.028184,            0.020071,           0.0023556,             0.91405,             0.73566,             0.78642,             0.48404,            0.027704,             0.01497,           0.0016425,            0.002872,            0.002872,            0.002872
                 218,            0.028155,            0.020048,           0.0023004,             0.91411,             0.73621,             0.78654,             0.48447,            0.027682,            0.014959,           0.0016409,            0.002839,            0.002839,            0.002839
                 219,            0.027998,            0.019874,           0.0022775,             0.91425,              0.7364,             0.78687,             0.48482,            0.027661,            0.014948,           0.0016394,            0.002806,            0.002806,            0.002806
                 220,            0.028132,            0.019867,           0.0023534,             0.91293,             0.73612,             0.78701,             0.48511,            0.027636,            0.014937,           0.0016379,            0.002773,            0.002773,            0.002773
                 221,            0.027955,            0.019794,           0.0023741,             0.91267,               0.735,             0.78695,              0.4856,            0.027615,            0.014925,           0.0016365,             0.00274,             0.00274,             0.00274
                 222,               0.028,            0.019752,           0.0023055,             0.91131,             0.73623,             0.78744,             0.48615,            0.027595,            0.014914,           0.0016349,            0.002707,            0.002707,            0.002707
                 223,            0.028081,            0.019861,           0.0023185,             0.91191,             0.73588,             0.78745,             0.48613,            0.027579,            0.014904,           0.0016334,            0.002674,            0.002674,            0.002674
                 224,            0.027917,            0.019703,           0.0022766,             0.91285,             0.73706,             0.78758,              0.4865,            0.027559,            0.014895,           0.0016322,            0.002641,            0.002641,            0.002641
                 225,            0.027759,            0.019771,           0.0023219,             0.91208,             0.73778,             0.78769,             0.48675,            0.027538,            0.014884,           0.0016309,            0.002608,            0.002608,            0.002608
                 226,            0.027697,            0.019629,           0.0023325,             0.91151,             0.73791,             0.78778,             0.48747,            0.027516,            0.014874,           0.0016296,            0.002575,            0.002575,            0.002575
                 227,            0.027708,            0.019644,           0.0022754,             0.91152,             0.73794,             0.78723,             0.48738,            0.027499,            0.014865,           0.0016283,            0.002542,            0.002542,            0.002542
                 228,            0.027641,            0.019628,           0.0022402,             0.91261,             0.73895,             0.78786,             0.48732,            0.027478,            0.014855,            0.001627,            0.002509,            0.002509,            0.002509
                 229,            0.027512,            0.019475,           0.0022489,             0.91279,             0.73892,             0.78784,             0.48743,            0.027458,            0.014844,           0.0016254,            0.002476,            0.002476,            0.002476
                 230,            0.027593,            0.019396,           0.0022525,             0.91215,             0.73895,             0.78724,             0.48774,            0.027436,            0.014832,           0.0016235,            0.002443,            0.002443,            0.002443
                 231,             0.02761,            0.019552,           0.0022945,             0.91301,             0.73848,             0.78748,             0.48789,            0.027419,            0.014823,           0.0016223,             0.00241,             0.00241,             0.00241
                 232,             0.02753,            0.019598,           0.0022532,             0.91249,             0.73827,             0.78743,             0.48818,              0.0274,            0.014813,           0.0016213,            0.002377,            0.002377,            0.002377
                 233,            0.027426,            0.019351,           0.0022451,             0.91207,             0.73967,             0.78759,             0.48896,            0.027379,            0.014802,             0.00162,            0.002344,            0.002344,            0.002344
                 234,            0.027406,            0.019513,           0.0023075,             0.91226,             0.73986,             0.78777,              0.4896,            0.027357,            0.014791,           0.0016184,            0.002311,            0.002311,            0.002311
                 235,            0.027299,            0.019317,           0.0022727,             0.91213,             0.74013,             0.78802,             0.49014,            0.027334,            0.014781,           0.0016172,            0.002278,            0.002278,            0.002278
                 236,            0.027243,            0.019373,           0.0022362,             0.91373,             0.74055,             0.78867,             0.49106,            0.027314,             0.01477,           0.0016158,            0.002245,            0.002245,            0.002245
                 237,            0.027224,             0.01931,           0.0022446,             0.91433,             0.74043,             0.78898,             0.49092,            0.027294,            0.014758,           0.0016143,            0.002212,            0.002212,            0.002212
                 238,            0.027159,            0.019273,           0.0022198,             0.91408,             0.74167,             0.78902,             0.49193,            0.027272,            0.014746,           0.0016126,            0.002179,            0.002179,            0.002179
                 239,            0.027114,            0.019136,           0.0021669,             0.91415,             0.74198,             0.78941,             0.49244,            0.027254,            0.014737,            0.001611,            0.002146,            0.002146,            0.002146
                 240,            0.027024,            0.019224,            0.002205,             0.91407,             0.74295,             0.78982,             0.49307,            0.027232,            0.014725,           0.0016097,            0.002113,            0.002113,            0.002113
                 241,            0.027023,            0.019255,           0.0021921,             0.91564,             0.74327,             0.79069,             0.49341,             0.02721,            0.014714,           0.0016083,             0.00208,             0.00208,             0.00208
                 242,            0.026937,            0.019097,           0.0022201,             0.91554,             0.74368,             0.79128,             0.49391,            0.027189,            0.014705,           0.0016074,            0.002047,            0.002047,            0.002047
                 243,            0.027007,            0.019152,           0.0022081,             0.91593,             0.74374,             0.79146,             0.49444,             0.02717,            0.014695,           0.0016062,            0.002014,            0.002014,            0.002014
                 244,            0.026919,            0.019034,           0.0022092,             0.91791,             0.74247,             0.79158,             0.49449,            0.027154,            0.014686,           0.0016051,            0.001981,            0.001981,            0.001981
                 245,            0.026829,             0.01889,           0.0021717,             0.91783,              0.7429,             0.79212,             0.49483,            0.027134,            0.014676,            0.001604,            0.001948,            0.001948,            0.001948
                 246,            0.026714,            0.019099,           0.0021915,             0.91692,             0.74271,             0.79104,             0.49502,            0.027116,            0.014668,            0.001603,            0.001915,            0.001915,            0.001915
                 247,             0.02667,            0.018726,           0.0021102,             0.91785,             0.74225,             0.79138,             0.49526,            0.027096,            0.014658,           0.0016022,            0.001882,            0.001882,            0.001882
                 248,            0.026703,            0.018864,           0.0021237,             0.91745,             0.74271,             0.79122,             0.49532,            0.027084,             0.01465,           0.0016014,            0.001849,            0.001849,            0.001849
                 249,            0.026574,            0.018902,           0.0021489,             0.91766,             0.74341,             0.79142,             0.49589,            0.027068,            0.014642,           0.0016001,            0.001816,            0.001816,            0.001816
                 250,            0.026507,             0.01871,           0.0022002,             0.91855,             0.74448,             0.79161,              0.4959,            0.027052,            0.014633,           0.0015985,            0.001783,            0.001783,            0.001783
                 251,            0.026504,             0.01881,           0.0021261,             0.91956,             0.74427,             0.79175,             0.49613,            0.027036,            0.014624,           0.0015978,             0.00175,             0.00175,             0.00175
                 252,            0.026394,            0.018796,           0.0021473,              0.9182,             0.74542,             0.79229,             0.49679,            0.027017,            0.014615,           0.0015967,            0.001717,            0.001717,            0.001717
                 253,            0.026441,            0.018811,           0.0021731,             0.92021,             0.74451,             0.79246,             0.49728,               0.027,            0.014606,           0.0015953,            0.001684,            0.001684,            0.001684
                 254,            0.026334,             0.01871,            0.002133,             0.92046,             0.74458,             0.79257,              0.4976,            0.026981,            0.014594,           0.0015937,            0.001651,            0.001651,            0.001651
                 255,            0.026278,            0.018646,           0.0021373,                0.92,             0.74516,             0.79282,             0.49817,            0.026964,            0.014584,           0.0015924,            0.001618,            0.001618,            0.001618
                 256,            0.026246,            0.018529,           0.0020867,             0.92058,             0.74499,             0.79284,             0.49854,            0.026943,            0.014572,           0.0015913,            0.001585,            0.001585,            0.001585
                 257,             0.02612,            0.018651,           0.0020765,             0.92112,             0.74503,              0.7932,             0.49948,            0.026921,             0.01456,           0.0015897,            0.001552,            0.001552,            0.001552
                 258,            0.026071,            0.018558,           0.0020789,             0.92235,             0.74445,             0.79354,             0.50021,            0.026904,            0.014552,           0.0015883,            0.001519,            0.001519,            0.001519
                 259,            0.026094,            0.018578,           0.0020865,             0.92256,             0.74514,               0.795,             0.50117,            0.026886,            0.014544,           0.0015871,            0.001486,            0.001486,            0.001486
                 260,            0.026081,            0.018543,           0.0021167,             0.92222,              0.7463,             0.79566,             0.50132,            0.026869,            0.014534,           0.0015854,            0.001453,            0.001453,            0.001453
                 261,            0.025981,            0.018272,           0.0020613,             0.92201,             0.74658,             0.79622,             0.50173,            0.026851,            0.014526,           0.0015837,             0.00142,             0.00142,             0.00142
                 262,            0.025853,            0.018465,           0.0020228,             0.92173,             0.74745,             0.79676,              0.5019,            0.026835,            0.014518,           0.0015823,            0.001387,            0.001387,            0.001387
                 263,            0.025804,            0.018247,           0.0020594,             0.92214,              0.7474,             0.79693,             0.50255,            0.026815,             0.01451,           0.0015806,            0.001354,            0.001354,            0.001354
                 264,            0.025717,            0.018311,           0.0020642,             0.92365,             0.74745,             0.79715,             0.50286,            0.026797,            0.014501,            0.001579,            0.001321,            0.001321,            0.001321
                 265,            0.025766,            0.018335,           0.0020813,             0.92266,             0.74684,             0.79716,             0.50347,            0.026782,            0.014493,           0.0015773,            0.001288,            0.001288,            0.001288
                 266,            0.025641,            0.018247,           0.0020447,             0.92278,             0.74736,             0.79729,             0.50381,            0.026767,            0.014487,           0.0015756,            0.001255,            0.001255,            0.001255
                 267,            0.025497,            0.018031,           0.0020293,             0.92422,             0.74652,             0.79751,             0.50447,            0.026747,            0.014477,           0.0015733,            0.001222,            0.001222,            0.001222
                 268,             0.02542,             0.01803,           0.0019942,             0.92393,             0.74707,             0.79764,             0.50477,            0.026726,            0.014469,           0.0015718,            0.001189,            0.001189,            0.001189
                 269,            0.025477,            0.018005,           0.0019774,             0.92419,             0.74734,             0.79768,             0.50545,            0.026708,            0.014462,           0.0015702,            0.001156,            0.001156,            0.001156
                 270,            0.025314,            0.018043,            0.002036,             0.92555,             0.74712,             0.79794,             0.50572,            0.026692,            0.014454,           0.0015688,            0.001123,            0.001123,            0.001123
                 271,            0.025314,            0.017875,            0.002007,             0.92502,             0.74764,             0.79767,             0.50603,            0.026675,            0.014447,           0.0015671,             0.00109,             0.00109,             0.00109
                 272,            0.025323,            0.017859,           0.0019282,             0.92479,             0.74863,             0.79776,             0.50599,            0.026658,            0.014439,           0.0015657,            0.001057,            0.001057,            0.001057
                 273,            0.025189,            0.017837,           0.0019681,             0.92451,             0.74907,             0.79818,             0.50651,            0.026644,            0.014431,           0.0015644,            0.001024,            0.001024,            0.001024
                 274,            0.025026,            0.017751,           0.0019739,             0.92511,             0.74906,             0.79834,             0.50658,            0.026626,            0.014422,            0.001563,            0.000991,            0.000991,            0.000991
                 275,            0.024971,             0.01767,           0.0019331,             0.92498,              0.7492,             0.79861,             0.50713,            0.026609,            0.014414,           0.0015615,            0.000958,            0.000958,            0.000958
                 276,            0.025029,            0.017623,           0.0019658,             0.92401,             0.74996,             0.79857,             0.50766,            0.026597,            0.014407,           0.0015603,            0.000925,            0.000925,            0.000925
                 277,            0.024974,            0.017653,           0.0019686,             0.92436,             0.75017,             0.79863,             0.50763,            0.026583,              0.0144,           0.0015593,            0.000892,            0.000892,            0.000892
                 278,            0.024816,            0.017609,           0.0019413,             0.92406,             0.75038,             0.79868,             0.50808,            0.026564,            0.014393,           0.0015582,            0.000859,            0.000859,            0.000859
                 279,            0.024706,            0.017435,           0.0019197,              0.9257,             0.74954,             0.79904,             0.50873,            0.026544,            0.014384,           0.0015571,            0.000826,            0.000826,            0.000826
                 280,            0.024717,            0.017606,            0.001948,             0.92419,             0.75124,             0.79933,             0.50917,            0.026526,            0.014377,            0.001556,            0.000793,            0.000793,            0.000793
                 281,            0.024635,            0.017426,           0.0019561,             0.92499,             0.75031,             0.79915,             0.50937,            0.026512,            0.014371,           0.0015553,             0.00076,             0.00076,             0.00076
                 282,             0.02456,            0.017461,           0.0018963,             0.92445,             0.75092,             0.79944,             0.51034,            0.026493,            0.014363,           0.0015541,            0.000727,            0.000727,            0.000727
                 283,            0.024539,            0.017297,           0.0019002,             0.92524,             0.75091,             0.79942,             0.51112,             0.02648,            0.014358,           0.0015532,            0.000694,            0.000694,            0.000694
                 284,            0.024453,            0.017405,           0.0019318,             0.92542,             0.75088,             0.79986,             0.51128,            0.026464,            0.014351,           0.0015521,            0.000661,            0.000661,            0.000661
                 285,            0.024416,            0.017245,           0.0018989,             0.92647,             0.75085,             0.80068,             0.51233,            0.026449,            0.014346,           0.0015513,            0.000628,            0.000628,            0.000628
                 286,            0.024255,            0.016964,           0.0019019,             0.92471,             0.75084,             0.80036,              0.5125,            0.026435,            0.014341,           0.0015505,            0.000595,            0.000595,            0.000595
                 287,            0.024312,            0.017229,           0.0019148,             0.92591,              0.7515,             0.80132,             0.51294,            0.026423,            0.014337,           0.0015501,            0.000562,            0.000562,            0.000562
                 288,             0.02414,            0.016991,           0.0019155,             0.92712,             0.75093,             0.80171,             0.51337,            0.026412,            0.014334,           0.0015496,            0.000529,            0.000529,            0.000529
                 289,            0.024005,            0.016959,           0.0018657,             0.92583,             0.75102,             0.80151,             0.51422,            0.026404,            0.014332,           0.0015493,            0.000496,            0.000496,            0.000496
                 290,            0.024035,            0.016967,           0.0018616,             0.92645,             0.75082,             0.80176,             0.51417,            0.026392,            0.014329,           0.0015491,            0.000463,            0.000463,            0.000463
                 291,            0.023889,            0.017005,           0.0018983,             0.92731,             0.75014,             0.80181,             0.51478,            0.026383,            0.014326,           0.0015488,             0.00043,             0.00043,             0.00043
                 292,            0.023833,            0.016861,           0.0018863,             0.92614,             0.75076,             0.80194,             0.51489,             0.02637,            0.014322,           0.0015483,            0.000397,            0.000397,            0.000397
                 293,            0.023715,            0.016756,           0.0018198,             0.92726,             0.75009,             0.80191,             0.51502,            0.026358,            0.014319,           0.0015481,            0.000364,            0.000364,            0.000364
                 294,            0.023737,            0.016928,           0.0018597,             0.92691,             0.75047,             0.80185,             0.51559,            0.026353,             0.01432,            0.001548,            0.000331,            0.000331,            0.000331
                 295,            0.023623,            0.016744,           0.0018401,             0.92699,              0.7505,             0.80198,             0.51591,            0.026347,            0.014319,            0.001548,            0.000298,            0.000298,            0.000298
                 296,            0.023659,            0.016799,           0.0018593,             0.92726,             0.75052,             0.80218,             0.51582,            0.026339,            0.014318,           0.0015478,            0.000265,            0.000265,            0.000265
                 297,            0.023412,            0.016531,           0.0018002,             0.92781,             0.75114,             0.80264,             0.51658,            0.026333,            0.014317,           0.0015475,            0.000232,            0.000232,            0.000232
                 298,            0.023469,            0.016496,           0.0018111,             0.92773,             0.75124,             0.80267,             0.51686,            0.026321,            0.014315,           0.0015475,            0.000199,            0.000199,            0.000199
                 299,            0.023366,            0.016404,           0.0018237,             0.92814,             0.75132,             0.80285,             0.51692,            0.026312,            0.014314,           0.0015477,            0.000166,            0.000166,            0.000166
